name,census_code,population,urban_pct,literacy_rate,mobile_penetration_pct,aliases
Ahmedabad,474,7214225,84.0,85.3,92,અમદાવાદ|अहमदाबाद|Amdavad
Amreli,480,1514190,25.0,74.3,74,અમરેલી|अमरेली
Anand,482,2092745,30.0,84.4,80,આણંદ|आणंद
Aravalli,725,1051746,10.0,74.0,66,અરવલ્લી|अरवल्ली|Arvalli
Banaskantha,469,2220000,14.0,65.3,62,બનાસકાંઠા|बनासकांठा|Banas Kantha
Bharuch,488,1551019,35.0,81.5,80,ભરૂચ|भरूच|Broach
Bhavnagar,481,2220000,42.0,75.5,78,ભાવનગર|भावनगर
Botad,726,656005,30.0,67.6,70,બોટાદ|बोटाद
Chhota Udaipur,731,1071831,10.0,55.0,58,છોટા ઉદેપુર|छोटा उदयपुर|Chhota Udepur
Dahod,485,2127086,9.0,58.8,52,દાહોદ|दाहोद|Dohad
Dang,489,228291,11.0,75.2,48,ડાંગ|डांग|The Dangs
Devbhumi Dwarka,728,752484,30.0,69.0,68,દેવભૂમિ દ્વારકા|देवभूमि द्वारका|Dwarka
Gandhinagar,473,1391753,43.0,84.2,88,ગાંધીનગર|गांधीनगर
Gir Somnath,729,1217477,25.0,72.0,70,ગીર સોમનાથ|गिर सोमनाथ|Somnath
Jamnagar,477,1407635,50.0,73.7,80,જામનગર|जामनगर
Junagadh,479,1525605,35.0,75.8,76,જૂનાગઢ|जूनागढ़
Kheda,483,2299885,22.0,82.7,78,ખેડા|खेड़ा|Nadiad
Kutch,468,2092371,30.0,70.6,70,કચ્છ|कच्छ|Kachchh|Bhuj
Mahisagar,730,994624,10.0,67.0,62,મહીસાગર|महीसागर|Mahisagar
Mehsana,471,2035064,32.0,83.6,82,મહેસાણા|मेहसाणा|Mahesana
Morbi,727,960329,45.0,72.0,78,મોરબી|मोरबी
Narmada,487,590297,11.0,72.3,55,નર્મદા|नर्मदा|Rajpipla
Navsari,490,1329672,30.0,83.9,80,નવસારી|नवसारी
Panchmahal,484,1396000,12.0,70.0,64,પંચમહાલ|पंचमहाल|Godhra
Patan,470,1343734,20.0,72.3,70,પાટણ|पाटण
Porbandar,478,585449,48.0,75.8,78,પોરબંદર|पोरबंदर
Rajkot,476,2844000,60.0,80.9,86,રાજકોટ|राजकोट
Sabarkantha,472,1376843,15.0,76.0,72,સાબરકાંઠા|साबरकांठा|Himmatnagar
Surat,492,6081322,80.0,85.5,90,સુરત|सूरत
Surendranagar,475,1756268,28.0,72.1,72,સુરેન્દ્રનગર|सुरेन्द्रनगर
Tapi,493,807022,11.0,68.3,56,તાપી|तापी|Vyara
Vadodara,486,3093795,70.0,84.0,88,વડોદરા|वडोदरा|Baroda
Valsad,491,1705678,36.0,78.6,76,વલસાડ|वलसाड
Vav-Tharad,746,900000,10.0,60.0,58,વાવ-થરાદ|वाव-थराद|Tharad
