district,road_index,water_index,sanitation_index,waste_index,electricity_index,lighting_safety_index,healthcare_index,education_index,housing_index,environment_index,disaster_resilience_index,irrigation_index,connectivity_index,welfare_access_index,employment_index,public_space_index,overall_index
Ahmedabad,89.0,78.0,62,53,90.8,89.7,93.6,79.1,85.1,39,81.5,86.6,78.0,81.1,89.2,87.3,78.9
Amreli,47,67.7,71.6,57.2,71.6,69.6,63.2,59.9,74.3,63.1,44,58.8,72.3,67.9,71.6,70.2,64.4
Anand,70.8,78.6,67.9,71.0,76.0,72.2,76.6,71.5,73.8,61.9,65.2,66.3,62.5,65.3,62.9,66.1,69.3
Aravalli,63.9,59.1,59.2,56.3,57.3,69.4,64.2,63.5,55.6,65.6,55.4,59.3,70.3,64.0,62.5,64.8,61.9
Banaskantha,66.7,42,55.6,52.1,57.2,56.3,48,68.5,67.3,57.2,63.3,38,68.0,59.8,56.3,56.0,57.0
Bharuch,72.0,66.6,72.4,78.0,69.1,65.8,79.8,71.0,63.5,62.7,63.8,73.2,76.1,69.5,63.0,68.7,69.7
Bhavnagar,80.4,72.0,80.0,78.0,62.7,75.4,74.7,72.1,67.3,74.0,64.5,70.3,70.6,79.6,78.2,67.2,72.9
Botad,65.9,60.1,73.3,72.6,62.3,68.4,67.9,59.7,70.6,66.6,70.9,66.4,56.9,62.7,57.3,73.6,66.0
Chhota Udaipur,42,62.7,53.3,48.8,63.6,64.8,38,41,49.0,61.4,61.5,50.1,56.3,57.6,52.5,63.5,54.1
Dahod,36,41,58.1,61.5,52.0,54.0,28,44,56.3,57.7,50.6,52.4,38,59.0,52.5,52.4,49.6
Dang,30,64.5,57.2,69.4,68.6,54.4,34,52,57.0,55.5,69.9,63.4,24,67.2,67.6,56.5,55.7
Devbhumi Dwarka,59.0,65.0,64.9,65.7,70.4,69.4,75.0,59.0,64.5,63.4,72.8,61.7,60.7,65.3,64.8,62.3,65.2
Gandhinagar,88,81.6,72.9,80.5,90,65.9,82.9,80.0,82.4,81.6,80.2,67.9,73.7,68.8,72.2,66.0,77.2
Gir Somnath,63.3,74.2,61.3,70.6,64.7,64.1,73.7,74.4,66.5,69.4,59.3,61.8,73.9,66.9,66.3,70.0,67.5
Jamnagar,65.5,74.9,73.5,79.8,67.3,81.7,65.9,67.8,75.1,76.6,68.7,66.6,80.5,68.9,75.1,75.6,72.7
Junagadh,68.0,71.0,69.9,77.3,64.1,73.3,64.7,67.6,72.5,65.8,66.1,74.0,61.8,68.7,78.4,78.4,70.1
Kheda,59.6,62.1,63.0,75.1,74.1,74.1,64.9,61.1,73.3,70.9,69.3,76.0,70.0,58.4,73.0,63.7,68.0
Kutch,69.6,37,60.1,59.7,59.6,67.6,62.6,68.5,70.6,61.3,41,35,66.4,73.9,72.9,59.3,60.3
Mahisagar,58.4,55.7,50.8,64.6,62.2,55.5,64.1,60.7,58.4,50.9,52.1,66.6,67.0,60.6,65.8,61.2,59.7
Mehsana,64.2,63.8,67.0,77.7,75.8,77.0,77.7,65.3,66.0,63.4,75.5,77.4,68.8,72.7,64.3,78.2,70.9
Morbi,78.1,55,77.1,78.4,62.9,75.8,68.5,79.3,76.9,34,77.1,67.3,76.7,64.4,78.2,78.0,70.5
Narmada,40,67.1,60.7,57.9,66.7,56.5,36,55.9,58.3,67.9,69.8,57.4,33,59.6,70.0,62.0,57.4
Navsari,77.9,63.1,78.4,64.2,78.3,65.8,62.9,68.8,74.1,66.6,71.9,70.2,67.9,71.4,65.6,73.7,70.0
Panchmahal,48,68.8,61.8,65.0,65.5,64.2,45,53.4,64.1,58.0,57.8,67.4,65.1,57.5,57.7,59.5,59.9
Patan,62.3,60.4,57.4,62.6,72.0,67.3,71.3,66.2,60.5,64.9,55.1,60.2,62.8,65.5,66.9,63.4,63.7
Porbandar,72.3,68.2,72.9,80.6,78.7,67.4,65.9,73.6,75.7,70.4,79.1,77.9,76.5,68.4,67.9,64.8,72.5
Rajkot,73.6,58,84.5,70.5,76.7,80.6,72.7,81.8,78.1,73.6,81.0,69.3,82.7,83.1,71.1,78,76.0
Sabarkantha,57.7,71.7,63.8,55.4,59.0,69.8,62.7,68.9,66.5,72.3,65.2,71.6,70.5,65.5,67.4,63.6,65.7
Surat,91.3,54,57,89.8,84.9,81.0,80.8,87.9,52,46,87.7,81.3,77.8,81.5,81.3,82.1,76.0
Surendranagar,67.1,44,61.6,69.9,70.1,58.6,64.8,67.2,64.9,61.1,65.0,40,67.9,69.9,72.8,71.2,63.5
Tapi,44,51.5,57.7,64.9,66.7,68.5,42,64.8,61.2,62.2,55.3,55.3,35,51.9,57.4,63.6,56.4
Vadodara,80.3,76.0,49,75.3,84.2,73.5,80.1,83.2,73.5,84.6,45,81.3,73.9,79.8,76.8,78.9,74.7
Valsad,75.2,68.3,75.0,76.4,66.0,62.9,61.8,71.2,79.4,67.7,73.2,75.5,73.2,75.0,78.5,65.0,71.5
Vav-Tharad,45,36,51.3,61.1,59.2,52.9,40,62.8,52.0,59.9,62.5,33,63.7,66.4,50.9,49.5,52.9
