district,category_code,fiscal_year,allocated_inr_cr,planned_inr_cr,spent_inr_cr
Ahmedabad,ROADS,2026-27,209.15,265.82,91.49
Ahmedabad,WATER,2026-27,164.19,211.15,28.37
Ahmedabad,SANITATION,2026-27,126.43,158.15,22.83
Ahmedabad,WASTE,2026-27,57.38,76.9,18.94
Ahmedabad,ELECTRICITY,2026-27,105.25,146.67,40.5
Ahmedabad,STREETLIGHT,2026-27,19.99,23.42,5.22
Ahmedabad,HEALTH,2026-27,159.19,180.92,64.45
Ahmedabad,EDUCATION,2026-27,234.55,244.45,102.79
Ahmedabad,HOUSING,2026-27,115.55,153.85,41.85
Ahmedabad,ENVIRONMENT,2026-27,46.17,59.72,20.3
Ahmedabad,DISASTER,2026-27,31.92,42.24,9.94
Ahmedabad,AGRI,2026-27,100.17,117.62,36.99
Ahmedabad,CONNECTIVITY,2026-27,19.14,25.66,7.64
Ahmedabad,WELFARE,2026-27,108.74,147.09,24.27
Ahmedabad,EMPLOYMENT,2026-27,77.96,96.99,20.56
Ahmedabad,PUBLIC_SPACE,2026-27,90.18,120.88,18.45
Amreli,ROADS,2026-27,41.48,54.72,10.46
Amreli,WATER,2026-27,43.25,55.38,10.07
Amreli,SANITATION,2026-27,18.29,25.23,3.21
Amreli,WASTE,2026-27,11.77,14.07,4.44
Amreli,ELECTRICITY,2026-27,29.85,37.56,8.87
Amreli,STREETLIGHT,2026-27,5.21,5.4,1.13
Amreli,HEALTH,2026-27,36.51,40.98,11.85
Amreli,EDUCATION,2026-27,41.83,50.71,11.61
Amreli,HOUSING,2026-27,25.51,28.89,9.21
Amreli,ENVIRONMENT,2026-27,5.36,5.9,1.0
Amreli,DISASTER,2026-27,6.41,6.72,1.99
Amreli,AGRI,2026-27,23.98,25.76,5.15
Amreli,CONNECTIVITY,2026-27,4.51,5.82,2.0
Amreli,WELFARE,2026-27,29.12,32.42,5.25
Amreli,EMPLOYMENT,2026-27,14.11,15.39,2.88
Amreli,PUBLIC_SPACE,2026-27,5.73,6.95,1.33
Anand,ROADS,2026-27,82.85,101.19,29.76
Anand,WATER,2026-27,40.84,55.03,12.14
Anand,SANITATION,2026-27,39.72,48.84,11.55
Anand,WASTE,2026-27,14.21,15.26,2.35
Anand,ELECTRICITY,2026-27,45.98,54.77,18.24
Anand,STREETLIGHT,2026-27,5.97,6.15,2.02
Anand,HEALTH,2026-27,35.76,37.89,11.4
Anand,EDUCATION,2026-27,52.85,73.86,9.81
Anand,HOUSING,2026-27,35.54,44.16,13.76
Anand,ENVIRONMENT,2026-27,7.22,8.73,2.06
Anand,DISASTER,2026-27,10.16,13.66,4.54
Anand,AGRI,2026-27,26.45,33.02,8.8
Anand,CONNECTIVITY,2026-27,7.03,9.69,1.49
Anand,WELFARE,2026-27,34.02,43.01,6.71
Anand,EMPLOYMENT,2026-27,19.27,19.85,2.91
Anand,PUBLIC_SPACE,2026-27,10.2,12.62,2.42
Aravalli,ROADS,2026-27,29.14,37.38,10.52
Aravalli,WATER,2026-27,24.66,31.44,10.53
Aravalli,SANITATION,2026-27,19.25,24.06,6.71
Aravalli,WASTE,2026-27,8.96,10.48,2.81
Aravalli,ELECTRICITY,2026-27,20.33,27.72,8.09
Aravalli,STREETLIGHT,2026-27,2.48,2.64,0.6
Aravalli,HEALTH,2026-27,26.02,31.94,6.16
Aravalli,EDUCATION,2026-27,23.92,30.51,8.61
Aravalli,HOUSING,2026-27,19.27,23.13,5.75
Aravalli,ENVIRONMENT,2026-27,3.32,3.37,0.93
Aravalli,DISASTER,2026-27,4.79,5.27,0.85
Aravalli,AGRI,2026-27,18.13,24.19,5.85
Aravalli,CONNECTIVITY,2026-27,3.87,5.42,1.36
Aravalli,WELFARE,2026-27,17.68,17.96,6.66
Aravalli,EMPLOYMENT,2026-27,11.4,14.37,4.84
Aravalli,PUBLIC_SPACE,2026-27,4.42,5.45,1.5
Banaskantha,ROADS,2026-27,70.75,73.33,18.0
Banaskantha,WATER,2026-27,31.97,40.54,13.02
Banaskantha,SANITATION,2026-27,32.5,41.52,7.69
Banaskantha,WASTE,2026-27,19.0,25.18,5.99
Banaskantha,ELECTRICITY,2026-27,39.06,43.97,9.65
Banaskantha,STREETLIGHT,2026-27,8.23,9.56,2.51
Banaskantha,HEALTH,2026-27,60.76,76.74,19.0
Banaskantha,EDUCATION,2026-27,59.46,63.92,15.37
Banaskantha,HOUSING,2026-27,37.57,46.97,14.2
Banaskantha,ENVIRONMENT,2026-27,7.56,9.22,3.24
Banaskantha,DISASTER,2026-27,10.76,13.77,2.01
Banaskantha,AGRI,2026-27,38.43,47.79,8.52
Banaskantha,CONNECTIVITY,2026-27,5.52,6.74,1.74
Banaskantha,WELFARE,2026-27,33.6,46.94,14.24
Banaskantha,EMPLOYMENT,2026-27,23.95,25.08,9.57
Banaskantha,PUBLIC_SPACE,2026-27,11.09,14.27,3.36
Bharuch,ROADS,2026-27,44.01,58.7,19.54
Bharuch,WATER,2026-27,32.45,39.61,8.6
Bharuch,SANITATION,2026-27,30.05,36.16,12.43
Bharuch,WASTE,2026-27,12.83,14.25,4.97
Bharuch,ELECTRICITY,2026-27,26.73,36.72,8.08
Bharuch,STREETLIGHT,2026-27,5.4,6.01,1.29
Bharuch,HEALTH,2026-27,35.61,49.84,10.57
Bharuch,EDUCATION,2026-27,35.8,43.51,9.08
Bharuch,HOUSING,2026-27,23.87,29.06,6.84
Bharuch,ENVIRONMENT,2026-27,5.65,6.08,2.03
Bharuch,DISASTER,2026-27,8.03,8.78,3.07
Bharuch,AGRI,2026-27,16.76,21.75,6.06
Bharuch,CONNECTIVITY,2026-27,5.38,6.21,1.88
Bharuch,WELFARE,2026-27,34.2,47.62,10.21
Bharuch,EMPLOYMENT,2026-27,13.11,15.74,4.29
Bharuch,PUBLIC_SPACE,2026-27,9.19,12.4,2.59
Bhavnagar,ROADS,2026-27,71.96,85.11,26.39
Bhavnagar,WATER,2026-27,50.88,64.21,9.99
Bhavnagar,SANITATION,2026-27,34.98,48.54,8.8
Bhavnagar,WASTE,2026-27,17.04,21.47,6.91
Bhavnagar,ELECTRICITY,2026-27,47.0,63.16,12.41
Bhavnagar,STREETLIGHT,2026-27,6.05,7.79,2.29
Bhavnagar,HEALTH,2026-27,57.93,58.76,9.88
Bhavnagar,EDUCATION,2026-27,66.24,90.64,29.76
Bhavnagar,HOUSING,2026-27,37.41,43.9,6.72
Bhavnagar,ENVIRONMENT,2026-27,9.47,12.78,2.68
Bhavnagar,DISASTER,2026-27,12.18,16.58,2.0
Bhavnagar,AGRI,2026-27,35.68,39.87,9.36
Bhavnagar,CONNECTIVITY,2026-27,5.48,6.64,1.75
Bhavnagar,WELFARE,2026-27,48.35,51.64,8.4
Bhavnagar,EMPLOYMENT,2026-27,28.95,36.13,6.43
Bhavnagar,PUBLIC_SPACE,2026-27,13.39,14.16,3.86
Botad,ROADS,2026-27,18.41,20.29,2.81
Botad,WATER,2026-27,18.14,24.68,6.41
Botad,SANITATION,2026-27,8.7,10.24,2.21
Botad,WASTE,2026-27,4.79,6.01,1.33
Botad,ELECTRICITY,2026-27,10.33,13.82,2.17
Botad,STREETLIGHT,2026-27,1.85,2.21,0.41
Botad,HEALTH,2026-27,14.95,18.39,6.69
Botad,EDUCATION,2026-27,16.49,22.94,5.73
Botad,HOUSING,2026-27,8.73,10.71,3.11
Botad,ENVIRONMENT,2026-27,2.95,3.01,0.98
Botad,DISASTER,2026-27,3.27,4.45,0.77
Botad,AGRI,2026-27,10.56,13.12,2.7
Botad,CONNECTIVITY,2026-27,2.1,2.62,0.74
Botad,WELFARE,2026-27,13.84,17.49,5.56
Botad,EMPLOYMENT,2026-27,7.68,10.46,2.64
Botad,PUBLIC_SPACE,2026-27,2.97,3.49,0.96
Chhota Udaipur,ROADS,2026-27,38.28,39.66,9.13
Chhota Udaipur,WATER,2026-27,28.91,30.94,5.48
Chhota Udaipur,SANITATION,2026-27,17.49,24.29,5.41
Chhota Udaipur,WASTE,2026-27,9.05,12.06,2.06
Chhota Udaipur,ELECTRICITY,2026-27,22.43,26.75,8.79
Chhota Udaipur,STREETLIGHT,2026-27,3.61,4.1,0.67
Chhota Udaipur,HEALTH,2026-27,29.04,30.68,12.78
Chhota Udaipur,EDUCATION,2026-27,35.42,45.68,15.73
Chhota Udaipur,HOUSING,2026-27,19.83,26.21,5.15
Chhota Udaipur,ENVIRONMENT,2026-27,4.91,4.94,1.53
Chhota Udaipur,DISASTER,2026-27,5.24,6.65,1.84
Chhota Udaipur,AGRI,2026-27,15.64,20.79,6.76
Chhota Udaipur,CONNECTIVITY,2026-27,2.59,2.83,0.41
Chhota Udaipur,WELFARE,2026-27,24.28,29.73,10.31
Chhota Udaipur,EMPLOYMENT,2026-27,10.15,10.41,4.03
Chhota Udaipur,PUBLIC_SPACE,2026-27,6.46,7.24,1.76
Dahod,ROADS,2026-27,55.81,76.93,13.47
Dahod,WATER,2026-27,50.86,52.84,21.17
Dahod,SANITATION,2026-27,27.83,32.88,9.77
Dahod,WASTE,2026-27,16.7,23.02,4.6
Dahod,ELECTRICITY,2026-27,42.93,45.58,11.78
Dahod,STREETLIGHT,2026-27,5.1,6.1,1.39
Dahod,HEALTH,2026-27,16.38,16.59,4.28
Dahod,EDUCATION,2026-27,57.87,79.87,23.53
Dahod,HOUSING,2026-27,25.51,32.51,7.99
Dahod,ENVIRONMENT,2026-27,10.54,12.05,2.84
Dahod,DISASTER,2026-27,8.99,9.43,3.64
Dahod,AGRI,2026-27,29.1,36.81,9.97
Dahod,CONNECTIVITY,2026-27,6.69,6.75,2.58
Dahod,WELFARE,2026-27,35.23,37.0,11.25
Dahod,EMPLOYMENT,2026-27,18.35,23.97,3.89
Dahod,PUBLIC_SPACE,2026-27,9.12,12.29,2.27
Dang,ROADS,2026-27,2.92,3.97,0.44
Dang,WATER,2026-27,6.46,6.83,1.22
Dang,SANITATION,2026-27,3.2,3.42,1.11
Dang,WASTE,2026-27,1.22,1.23,0.47
Dang,ELECTRICITY,2026-27,3.57,4.03,0.72
Dang,STREETLIGHT,2026-27,0.53,0.69,0.16
Dang,HEALTH,2026-27,5.64,6.71,2.16
Dang,EDUCATION,2026-27,6.43,6.71,1.94
Dang,HOUSING,2026-27,4.19,4.26,1.61
Dang,ENVIRONMENT,2026-27,1.08,1.31,0.31
Dang,DISASTER,2026-27,1.41,1.44,0.41
Dang,AGRI,2026-27,3.04,3.87,0.9
Dang,CONNECTIVITY,2026-27,0.83,0.85,0.14
Dang,WELFARE,2026-27,4.57,4.69,1.06
Dang,EMPLOYMENT,2026-27,2.68,3.27,0.66
Dang,PUBLIC_SPACE,2026-27,1.42,1.72,0.41
Devbhumi Dwarka,ROADS,2026-27,25.35,26.36,9.14
Devbhumi Dwarka,WATER,2026-27,21.25,26.78,8.09
Devbhumi Dwarka,SANITATION,2026-27,13.37,14.52,3.82
Devbhumi Dwarka,WASTE,2026-27,4.55,5.17,1.3
Devbhumi Dwarka,ELECTRICITY,2026-27,12.98,13.47,3.61
Devbhumi Dwarka,STREETLIGHT,2026-27,2.44,2.81,0.48
Devbhumi Dwarka,HEALTH,2026-27,20.06,20.6,8.01
Devbhumi Dwarka,EDUCATION,2026-27,16.78,17.43,6.24
Devbhumi Dwarka,HOUSING,2026-27,13.05,15.95,4.25
Devbhumi Dwarka,ENVIRONMENT,2026-27,3.1,3.51,0.58
Devbhumi Dwarka,DISASTER,2026-27,3.49,4.42,1.31
Devbhumi Dwarka,AGRI,2026-27,12.47,16.07,5.49
Devbhumi Dwarka,CONNECTIVITY,2026-27,2.37,2.7,0.77
Devbhumi Dwarka,WELFARE,2026-27,12.24,15.46,2.66
Devbhumi Dwarka,EMPLOYMENT,2026-27,6.66,8.91,1.73
Devbhumi Dwarka,PUBLIC_SPACE,2026-27,4.26,5.24,1.67
Gandhinagar,ROADS,2026-27,200.41,278.53,79.27
Gandhinagar,WATER,2026-27,35.3,44.37,5.57
Gandhinagar,SANITATION,2026-27,27.05,36.02,6.23
Gandhinagar,WASTE,2026-27,8.19,10.49,1.99
Gandhinagar,ELECTRICITY,2026-27,23.05,23.11,9.47
Gandhinagar,STREETLIGHT,2026-27,4.31,5.0,0.83
Gandhinagar,HEALTH,2026-27,32.66,33.06,12.21
Gandhinagar,EDUCATION,2026-27,33.42,39.03,8.43
Gandhinagar,HOUSING,2026-27,19.52,25.15,7.48
Gandhinagar,ENVIRONMENT,2026-27,5.76,5.96,0.95
Gandhinagar,DISASTER,2026-27,5.77,7.2,2.03
Gandhinagar,AGRI,2026-27,17.26,21.83,5.1
Gandhinagar,CONNECTIVITY,2026-27,4.05,4.49,1.52
Gandhinagar,WELFARE,2026-27,21.34,25.01,5.01
Gandhinagar,EMPLOYMENT,2026-27,16.68,19.93,5.84
Gandhinagar,PUBLIC_SPACE,2026-27,5.38,6.23,1.77
Gir Somnath,ROADS,2026-27,29.37,32.91,6.27
Gir Somnath,WATER,2026-27,23.92,26.36,5.94
Gir Somnath,SANITATION,2026-27,14.69,19.08,2.98
Gir Somnath,WASTE,2026-27,8.01,10.26,2.4
Gir Somnath,ELECTRICITY,2026-27,25.57,33.82,4.39
Gir Somnath,STREETLIGHT,2026-27,4.31,4.38,0.67
Gir Somnath,HEALTH,2026-27,32.42,43.6,10.46
Gir Somnath,EDUCATION,2026-27,35.34,45.37,9.73
Gir Somnath,HOUSING,2026-27,14.75,14.87,3.65
Gir Somnath,ENVIRONMENT,2026-27,5.6,6.98,2.24
Gir Somnath,DISASTER,2026-27,7.37,7.63,2.97
Gir Somnath,AGRI,2026-27,14.86,18.36,4.56
Gir Somnath,CONNECTIVITY,2026-27,3.46,3.89,0.87
Gir Somnath,WELFARE,2026-27,21.2,22.63,6.43
Gir Somnath,EMPLOYMENT,2026-27,10.81,13.02,4.56
Gir Somnath,PUBLIC_SPACE,2026-27,5.63,7.27,2.23
Jamnagar,ROADS,2026-27,52.14,57.07,10.11
Jamnagar,WATER,2026-27,28.67,35.58,10.84
Jamnagar,SANITATION,2026-27,24.27,25.99,9.27
Jamnagar,WASTE,2026-27,9.82,12.78,3.71
Jamnagar,ELECTRICITY,2026-27,24.69,33.82,7.88
Jamnagar,STREETLIGHT,2026-27,4.51,5.64,1.85
Jamnagar,HEALTH,2026-27,32.94,34.93,5.62
Jamnagar,EDUCATION,2026-27,38.27,42.91,8.89
Jamnagar,HOUSING,2026-27,16.43,19.76,3.99
Jamnagar,ENVIRONMENT,2026-27,5.5,5.63,2.2
Jamnagar,DISASTER,2026-27,5.55,7.47,2.26
Jamnagar,AGRI,2026-27,20.84,25.07,6.02
Jamnagar,CONNECTIVITY,2026-27,4.34,5.71,1.82
Jamnagar,WELFARE,2026-27,26.07,34.51,9.01
Jamnagar,EMPLOYMENT,2026-27,14.1,16.78,2.75
Jamnagar,PUBLIC_SPACE,2026-27,5.5,5.73,2.31
Junagadh,ROADS,2026-27,45.0,57.86,13.56
Junagadh,WATER,2026-27,30.62,33.65,8.61
Junagadh,SANITATION,2026-27,23.67,28.62,4.68
Junagadh,WASTE,2026-27,10.0,11.13,2.73
Junagadh,ELECTRICITY,2026-27,25.24,31.28,9.76
Junagadh,STREETLIGHT,2026-27,4.91,5.04,0.88
Junagadh,HEALTH,2026-27,36.56,40.72,13.42
Junagadh,EDUCATION,2026-27,46.06,62.76,18.98
Junagadh,HOUSING,2026-27,20.98,25.87,4.04
Junagadh,ENVIRONMENT,2026-27,5.64,7.82,2.03
Junagadh,DISASTER,2026-27,7.22,8.94,3.11
Junagadh,AGRI,2026-27,19.32,22.23,7.49
Junagadh,CONNECTIVITY,2026-27,5.29,6.71,2.11
Junagadh,WELFARE,2026-27,32.45,41.35,9.99
Junagadh,EMPLOYMENT,2026-27,18.01,21.06,4.66
Junagadh,PUBLIC_SPACE,2026-27,7.1,7.61,1.52
Kheda,ROADS,2026-27,90.07,107.59,19.63
Kheda,WATER,2026-27,45.19,46.58,18.23
Kheda,SANITATION,2026-27,29.46,38.54,11.8
Kheda,WASTE,2026-27,19.19,19.48,4.82
Kheda,ELECTRICITY,2026-27,46.91,49.37,12.34
Kheda,STREETLIGHT,2026-27,5.73,7.64,2.19
Kheda,HEALTH,2026-27,58.42,62.29,16.43
Kheda,EDUCATION,2026-27,61.53,78.18,13.61
Kheda,HOUSING,2026-27,33.54,37.36,12.56
Kheda,ENVIRONMENT,2026-27,8.96,10.87,2.18
Kheda,DISASTER,2026-27,13.27,15.76,5.32
Kheda,AGRI,2026-27,30.07,41.46,13.39
Kheda,CONNECTIVITY,2026-27,6.77,7.53,1.79
Kheda,WELFARE,2026-27,44.3,61.42,17.5
Kheda,EMPLOYMENT,2026-27,29.11,30.72,6.55
Kheda,PUBLIC_SPACE,2026-27,12.31,16.61,3.89
Kutch,ROADS,2026-27,53.65,71.8,21.75
Kutch,WATER,2026-27,110.48,144.2,25.61
Kutch,SANITATION,2026-27,40.26,42.63,11.32
Kutch,WASTE,2026-27,17.92,19.51,5.11
Kutch,ELECTRICITY,2026-27,34.83,35.2,5.78
Kutch,STREETLIGHT,2026-27,6.28,6.87,2.82
Kutch,HEALTH,2026-27,43.15,43.64,18.52
Kutch,EDUCATION,2026-27,68.52,86.33,26.55
Kutch,HOUSING,2026-27,25.7,28.65,10.25
Kutch,ENVIRONMENT,2026-27,9.19,9.7,3.32
Kutch,DISASTER,2026-27,10.19,10.21,1.77
Kutch,AGRI,2026-27,25.72,34.31,8.09
Kutch,CONNECTIVITY,2026-27,6.99,8.47,1.28
Kutch,WELFARE,2026-27,35.54,39.82,5.84
Kutch,EMPLOYMENT,2026-27,22.09,29.1,6.34
Kutch,PUBLIC_SPACE,2026-27,8.43,11.48,2.77
Mahisagar,ROADS,2026-27,24.13,29.1,5.37
Mahisagar,WATER,2026-27,19.62,22.99,6.56
Mahisagar,SANITATION,2026-27,13.85,16.16,4.84
Mahisagar,WASTE,2026-27,5.52,7.67,0.94
Mahisagar,ELECTRICITY,2026-27,18.14,21.82,8.1
Mahisagar,STREETLIGHT,2026-27,3.06,3.54,0.89
Mahisagar,HEALTH,2026-27,23.37,32.54,5.28
Mahisagar,EDUCATION,2026-27,21.11,27.77,5.35
Mahisagar,HOUSING,2026-27,16.66,20.85,6.35
Mahisagar,ENVIRONMENT,2026-27,4.45,5.04,0.73
Mahisagar,DISASTER,2026-27,5.09,6.75,1.03
Mahisagar,AGRI,2026-27,15.87,18.82,5.69
Mahisagar,CONNECTIVITY,2026-27,3.18,4.21,0.54
Mahisagar,WELFARE,2026-27,21.51,25.45,5.12
Mahisagar,EMPLOYMENT,2026-27,8.45,9.12,1.37
Mahisagar,PUBLIC_SPACE,2026-27,6.05,7.3,2.7
Mehsana,ROADS,2026-27,66.52,73.26,25.01
Mehsana,WATER,2026-27,41.3,47.2,15.87
Mehsana,SANITATION,2026-27,38.52,43.63,7.22
Mehsana,WASTE,2026-27,13.31,18.05,4.96
Mehsana,ELECTRICITY,2026-27,43.86,50.64,19.39
Mehsana,STREETLIGHT,2026-27,6.09,7.3,2.6
Mehsana,HEALTH,2026-27,45.2,59.68,16.64
Mehsana,EDUCATION,2026-27,44.99,55.83,17.85
Mehsana,HOUSING,2026-27,31.22,35.23,5.43
Mehsana,ENVIRONMENT,2026-27,8.8,9.88,2.91
Mehsana,DISASTER,2026-27,9.8,12.5,2.5
Mehsana,AGRI,2026-27,21.97,29.62,5.62
Mehsana,CONNECTIVITY,2026-27,7.63,8.47,3.39
Mehsana,WELFARE,2026-27,47.33,48.75,16.15
Mehsana,EMPLOYMENT,2026-27,20.86,27.54,7.38
Mehsana,PUBLIC_SPACE,2026-27,12.48,13.19,4.15
Morbi,ROADS,2026-27,35.05,35.54,5.96
Morbi,WATER,2026-27,26.26,30.11,6.96
Morbi,SANITATION,2026-27,15.88,19.72,5.62
Morbi,WASTE,2026-27,8.23,9.45,3.12
Morbi,ELECTRICITY,2026-27,17.92,21.72,4.83
Morbi,STREETLIGHT,2026-27,3.1,3.41,0.57
Morbi,HEALTH,2026-27,23.62,28.33,6.29
Morbi,EDUCATION,2026-27,27.72,30.62,6.32
Morbi,HOUSING,2026-27,14.02,19.61,3.3
Morbi,ENVIRONMENT,2026-27,1.15,1.38,0.21
Morbi,DISASTER,2026-27,5.65,6.67,2.37
Morbi,AGRI,2026-27,13.08,13.54,4.64
Morbi,CONNECTIVITY,2026-27,3.38,3.81,0.86
Morbi,WELFARE,2026-27,14.28,17.38,5.96
Morbi,EMPLOYMENT,2026-27,12.42,15.96,5.32
Morbi,PUBLIC_SPACE,2026-27,5.13,6.76,1.55
Narmada,ROADS,2026-27,15.31,16.54,2.93
Narmada,WATER,2026-27,16.22,16.39,5.13
Narmada,SANITATION,2026-27,8.83,11.67,2.79
Narmada,WASTE,2026-27,4.36,4.51,1.06
Narmada,ELECTRICITY,2026-27,13.28,17.1,4.09
Narmada,STREETLIGHT,2026-27,2.01,2.67,0.35
Narmada,HEALTH,2026-27,6.49,8.16,1.85
Narmada,EDUCATION,2026-27,18.02,20.5,7.45
Narmada,HOUSING,2026-27,10.1,12.68,2.07
Narmada,ENVIRONMENT,2026-27,2.91,3.41,1.23
Narmada,DISASTER,2026-27,2.3,2.41,0.45
Narmada,AGRI,2026-27,6.88,7.77,2.5
Narmada,CONNECTIVITY,2026-27,1.63,2.24,0.68
Narmada,WELFARE,2026-27,13.16,14.48,4.48
Narmada,EMPLOYMENT,2026-27,6.66,6.99,1.6
Narmada,PUBLIC_SPACE,2026-27,3.0,3.6,0.6
Navsari,ROADS,2026-27,51.94,55.14,18.06
Navsari,WATER,2026-27,35.43,44.01,14.27
Navsari,SANITATION,2026-27,21.95,29.2,3.48
Navsari,WASTE,2026-27,7.19,9.03,2.32
Navsari,ELECTRICITY,2026-27,25.74,33.64,7.08
Navsari,STREETLIGHT,2026-27,4.27,5.12,1.44
Navsari,HEALTH,2026-27,26.18,36.2,7.72
Navsari,EDUCATION,2026-27,42.9,54.65,10.26
Navsari,HOUSING,2026-27,15.69,16.07,4.42
Navsari,ENVIRONMENT,2026-27,5.28,5.71,1.75
Navsari,DISASTER,2026-27,6.03,7.76,2.23
Navsari,AGRI,2026-27,21.97,30.54,4.16
Navsari,CONNECTIVITY,2026-27,3.73,4.57,0.92
Navsari,WELFARE,2026-27,24.84,27.5,5.57
Navsari,EMPLOYMENT,2026-27,11.68,13.04,3.1
Navsari,PUBLIC_SPACE,2026-27,7.03,7.73,2.88
Panchmahal,ROADS,2026-27,37.07,41.93,11.98
Panchmahal,WATER,2026-27,30.37,39.64,9.1
Panchmahal,SANITATION,2026-27,22.5,26.99,5.46
Panchmahal,WASTE,2026-27,7.44,10.25,2.24
Panchmahal,ELECTRICITY,2026-27,30.99,33.66,7.93
Panchmahal,STREETLIGHT,2026-27,3.25,3.89,1.35
Panchmahal,HEALTH,2026-27,33.08,39.31,10.29
Panchmahal,EDUCATION,2026-27,45.87,53.78,19.02
Panchmahal,HOUSING,2026-27,23.32,30.45,6.06
Panchmahal,ENVIRONMENT,2026-27,5.31,6.52,1.11
Panchmahal,DISASTER,2026-27,7.17,7.38,2.16
Panchmahal,AGRI,2026-27,22.13,24.61,9.89
Panchmahal,CONNECTIVITY,2026-27,4.57,4.79,2.02
Panchmahal,WELFARE,2026-27,25.12,33.11,6.32
Panchmahal,EMPLOYMENT,2026-27,18.73,24.39,3.93
Panchmahal,PUBLIC_SPACE,2026-27,7.01,8.41,1.15
Patan,ROADS,2026-27,35.2,39.89,10.28
Patan,WATER,2026-27,31.56,39.21,9.61
Patan,SANITATION,2026-27,19.65,24.47,3.91
Patan,WASTE,2026-27,11.71,15.17,2.81
Patan,ELECTRICITY,2026-27,22.21,29.57,6.88
Patan,STREETLIGHT,2026-27,4.45,4.98,1.76
Patan,HEALTH,2026-27,27.62,35.06,12.26
Patan,EDUCATION,2026-27,39.2,51.69,14.41
Patan,HOUSING,2026-27,22.05,22.29,6.45
Patan,ENVIRONMENT,2026-27,6.63,8.71,2.54
Patan,DISASTER,2026-27,6.98,8.99,2.27
Patan,AGRI,2026-27,15.71,19.66,5.28
Patan,CONNECTIVITY,2026-27,4.72,5.0,1.67
Patan,WELFARE,2026-27,19.55,26.96,3.58
Patan,EMPLOYMENT,2026-27,11.23,12.64,2.19
Patan,PUBLIC_SPACE,2026-27,7.36,8.57,2.82
Porbandar,ROADS,2026-27,22.67,30.58,8.4
Porbandar,WATER,2026-27,10.98,11.59,2.33
Porbandar,SANITATION,2026-27,8.55,10.81,2.63
Porbandar,WASTE,2026-27,3.72,3.98,1.58
Porbandar,ELECTRICITY,2026-27,9.71,11.09,3.71
Porbandar,STREETLIGHT,2026-27,1.95,2.45,0.7
Porbandar,HEALTH,2026-27,13.59,14.64,3.04
Porbandar,EDUCATION,2026-27,16.87,18.39,7.45
Porbandar,HOUSING,2026-27,7.89,8.8,1.67
Porbandar,ENVIRONMENT,2026-27,2.58,2.91,0.66
Porbandar,DISASTER,2026-27,3.56,4.69,0.83
Porbandar,AGRI,2026-27,6.65,8.45,1.75
Porbandar,CONNECTIVITY,2026-27,2.18,2.89,0.95
Porbandar,WELFARE,2026-27,12.82,14.31,3.03
Porbandar,EMPLOYMENT,2026-27,7.13,8.12,2.02
Porbandar,PUBLIC_SPACE,2026-27,2.57,3.06,0.54
Rajkot,ROADS,2026-27,92.76,127.38,33.29
Rajkot,WATER,2026-27,55.88,69.64,18.22
Rajkot,SANITATION,2026-27,39.64,50.26,12.26
Rajkot,WASTE,2026-27,21.28,21.73,5.83
Rajkot,ELECTRICITY,2026-27,56.76,59.04,21.64
Rajkot,STREETLIGHT,2026-27,6.42,7.83,2.75
Rajkot,HEALTH,2026-27,59.66,81.97,24.67
Rajkot,EDUCATION,2026-27,78.73,85.01,34.58
Rajkot,HOUSING,2026-27,38.85,48.89,16.41
Rajkot,ENVIRONMENT,2026-27,9.04,11.12,2.81
Rajkot,DISASTER,2026-27,15.81,21.73,6.7
Rajkot,AGRI,2026-27,33.35,45.12,6.76
Rajkot,CONNECTIVITY,2026-27,10.32,14.44,2.78
Rajkot,WELFARE,2026-27,53.91,74.11,23.65
Rajkot,EMPLOYMENT,2026-27,37.95,51.26,5.8
Rajkot,PUBLIC_SPACE,2026-27,42.66,44.49,18.98
Sabarkantha,ROADS,2026-27,39.31,54.86,12.3
Sabarkantha,WATER,2026-27,32.94,45.31,13.35
Sabarkantha,SANITATION,2026-27,21.68,23.35,3.98
Sabarkantha,WASTE,2026-27,8.01,9.48,1.82
Sabarkantha,ELECTRICITY,2026-27,20.89,27.05,8.09
Sabarkantha,STREETLIGHT,2026-27,4.27,5.56,0.87
Sabarkantha,HEALTH,2026-27,35.68,48.48,14.2
Sabarkantha,EDUCATION,2026-27,38.85,40.2,13.63
Sabarkantha,HOUSING,2026-27,17.4,18.38,4.3
Sabarkantha,ENVIRONMENT,2026-27,4.81,5.31,1.06
Sabarkantha,DISASTER,2026-27,7.76,10.72,1.87
Sabarkantha,AGRI,2026-27,21.42,21.52,7.41
Sabarkantha,CONNECTIVITY,2026-27,4.53,4.64,0.84
Sabarkantha,WELFARE,2026-27,23.63,27.46,7.11
Sabarkantha,EMPLOYMENT,2026-27,18.14,23.25,4.41
Sabarkantha,PUBLIC_SPACE,2026-27,5.57,7.61,1.33
Surat,ROADS,2026-27,205.76,223.8,39.11
Surat,WATER,2026-27,102.17,132.73,33.89
Surat,SANITATION,2026-27,93.21,113.69,27.15
Surat,WASTE,2026-27,43.37,54.89,9.35
Surat,ELECTRICITY,2026-27,95.64,124.51,39.4
Surat,STREETLIGHT,2026-27,14.43,17.01,5.21
Surat,HEALTH,2026-27,105.57,129.39,17.79
Surat,EDUCATION,2026-27,174.33,209.58,56.1
Surat,HOUSING,2026-27,75.25,85.13,23.03
Surat,ENVIRONMENT,2026-27,19.66,21.28,6.39
Surat,DISASTER,2026-27,24.19,29.13,9.5
Surat,AGRI,2026-27,83.16,100.23,23.87
Surat,CONNECTIVITY,2026-27,14.21,16.84,5.57
Surat,WELFARE,2026-27,128.44,148.78,50.73
Surat,EMPLOYMENT,2026-27,75.12,92.5,12.29
Surat,PUBLIC_SPACE,2026-27,28.04,28.76,12.57
Surendranagar,ROADS,2026-27,68.41,70.3,29.43
Surendranagar,WATER,2026-27,32.28,37.56,12.29
Surendranagar,SANITATION,2026-27,31.84,44.3,10.95
Surendranagar,WASTE,2026-27,11.8,16.49,3.12
Surendranagar,ELECTRICITY,2026-27,37.46,51.05,9.84
Surendranagar,STREETLIGHT,2026-27,5.75,7.27,1.79
Surendranagar,HEALTH,2026-27,41.6,47.39,8.47
Surendranagar,EDUCATION,2026-27,50.09,60.69,18.45
Surendranagar,HOUSING,2026-27,22.69,22.72,3.56
Surendranagar,ENVIRONMENT,2026-27,6.32,8.02,1.98
Surendranagar,DISASTER,2026-27,8.92,11.86,2.0
Surendranagar,AGRI,2026-27,22.7,25.2,9.79
Surendranagar,CONNECTIVITY,2026-27,5.86,6.12,2.3
Surendranagar,WELFARE,2026-27,32.02,41.83,13.29
Surendranagar,EMPLOYMENT,2026-27,14.64,15.85,2.64
Surendranagar,PUBLIC_SPACE,2026-27,6.73,8.34,2.43
Tapi,ROADS,2026-27,20.0,25.92,5.41
Tapi,WATER,2026-27,16.8,18.26,6.87
Tapi,SANITATION,2026-27,10.05,12.08,2.38
Tapi,WASTE,2026-27,6.54,8.45,1.61
Tapi,ELECTRICITY,2026-27,15.24,19.34,3.75
Tapi,STREETLIGHT,2026-27,2.18,2.3,0.76
Tapi,HEALTH,2026-27,15.28,17.12,2.57
Tapi,EDUCATION,2026-27,27.66,37.39,11.71
Tapi,HOUSING,2026-27,12.87,15.07,3.84
Tapi,ENVIRONMENT,2026-27,3.99,5.49,1.4
Tapi,DISASTER,2026-27,4.61,5.2,1.27
Tapi,AGRI,2026-27,9.32,10.72,3.51
Tapi,CONNECTIVITY,2026-27,2.39,3.2,0.57
Tapi,WELFARE,2026-27,16.92,22.37,7.18
Tapi,EMPLOYMENT,2026-27,9.15,12.69,2.9
Tapi,PUBLIC_SPACE,2026-27,3.3,3.62,0.7
Vadodara,ROADS,2026-27,106.26,145.46,42.94
Vadodara,WATER,2026-27,59.12,76.25,12.25
Vadodara,SANITATION,2026-27,74.25,94.26,24.57
Vadodara,WASTE,2026-27,25.7,27.63,9.73
Vadodara,ELECTRICITY,2026-27,61.93,75.77,18.2
Vadodara,STREETLIGHT,2026-27,11.0,12.47,4.81
Vadodara,HEALTH,2026-27,51.57,70.9,22.62
Vadodara,EDUCATION,2026-27,70.05,98.06,20.57
Vadodara,HOUSING,2026-27,40.43,50.2,8.55
Vadodara,ENVIRONMENT,2026-27,14.94,18.24,5.72
Vadodara,DISASTER,2026-27,14.55,17.66,3.75
Vadodara,AGRI,2026-27,38.15,45.98,11.41
Vadodara,CONNECTIVITY,2026-27,7.42,10.33,2.16
Vadodara,WELFARE,2026-27,68.77,93.92,17.96
Vadodara,EMPLOYMENT,2026-27,32.57,39.9,7.05
Vadodara,PUBLIC_SPACE,2026-27,12.73,14.06,5.48
Valsad,ROADS,2026-27,56.74,66.22,11.11
Valsad,WATER,2026-27,37.45,43.14,14.98
Valsad,SANITATION,2026-27,27.28,34.42,9.7
Valsad,WASTE,2026-27,10.49,13.94,4.62
Valsad,ELECTRICITY,2026-27,32.88,39.33,6.59
Valsad,STREETLIGHT,2026-27,5.87,6.27,2.15
Valsad,HEALTH,2026-27,37.31,50.99,11.66
Valsad,EDUCATION,2026-27,51.15,52.35,8.19
Valsad,HOUSING,2026-27,30.02,41.37,10.52
Valsad,ENVIRONMENT,2026-27,7.72,8.99,3.11
Valsad,DISASTER,2026-27,7.38,9.47,1.13
Valsad,AGRI,2026-27,23.95,27.53,8.03
Valsad,CONNECTIVITY,2026-27,5.54,6.91,1.63
Valsad,WELFARE,2026-27,32.21,32.3,10.16
Valsad,EMPLOYMENT,2026-27,14.18,17.18,3.3
Valsad,PUBLIC_SPACE,2026-27,10.56,10.63,4.16
Vav-Tharad,ROADS,2026-27,31.31,41.41,13.24
Vav-Tharad,WATER,2026-27,9.72,10.09,1.89
Vav-Tharad,SANITATION,2026-27,12.18,14.74,4.81
Vav-Tharad,WASTE,2026-27,5.57,6.45,1.46
Vav-Tharad,ELECTRICITY,2026-27,15.44,18.93,6.9
Vav-Tharad,STREETLIGHT,2026-27,2.33,2.97,0.94
Vav-Tharad,HEALTH,2026-27,21.32,28.64,8.06
Vav-Tharad,EDUCATION,2026-27,20.08,23.13,6.34
Vav-Tharad,HOUSING,2026-27,10.5,10.54,2.11
Vav-Tharad,ENVIRONMENT,2026-27,3.6,4.22,1.39
Vav-Tharad,DISASTER,2026-27,4.65,6.25,0.83
Vav-Tharad,AGRI,2026-27,12.78,13.0,2.73
Vav-Tharad,CONNECTIVITY,2026-27,3.2,4.34,0.94
Vav-Tharad,WELFARE,2026-27,13.22,13.61,5.65
Vav-Tharad,EMPLOYMENT,2026-27,11.88,14.56,1.9
Vav-Tharad,PUBLIC_SPACE,2026-27,5.46,6.15,2.39
